Codon,AminoAcid,Letter,FullName,Twist,Twist2
AAA,Lys,K,Lysine,F,F
GCT,Ala,A,Alanine,T,F
TGC,Cys,C,Cysteine,T,T
AAT,Asn,N,Asparagine,F,F
ACA,Thr,T,Threonine,F,F
GAT,Asp,D,Aspartic_acid,T,F
ACG,Thr,T,Threonine,F,F
ACT,Thr,T,Threonine,F,F
GAG,Glu,E,Glutamic_acid,T,T
TTC,Phe,F,Phenylalanine,T,T
AGG,Arg,R,Arginine,F,F
AGT,Ser,S,Serine,F,F
ATA,Ile,I,Isoleucine,F,F
GGT,Gly,G,Glycine,T,F
CAC,His,H,Histidine,T,T
ATT,Ile,I,Isoleucine,F,F
CAA,Gln,Q,Glutamine,F,F
ATC,Ile,I,Isoleucine,T,T
AAG,Lys,K,Lysine,T,T
CAT,His,H,Histidine,F,F
CCA,Pro,P,Proline,F,F
CCC,Pro,P,Proline,F,T
CCG,Pro,P,Proline,F,F
CTG,Leu,L,Leucine,T,T
CGA,Arg,R,Arginine,F,F
CGC,Arg,R,Arginine,F,F
CGG,Arg,R,Arginine,F,F
CGT,Arg,R,Arginine,F,F
CTA,Leu,L,Leucine,F,F
CTC,Leu,L,Leucine,F,F
ATG,Met,M,Methionine,T,T
CTT,Leu,L,Leucine,F,F
GAA,Glu,E,Glutamic_acid,F,F
GAC,Asp,D,Aspartic_acid,F,T
AAC,Asn,N,Asparagine,T,T
CCT,Pro,P,Proline,T,F
GCA,Ala,A,Alanine,F,F
GCC,Ala,A,Alanine,F,T
GCG,Ala,A,Alanine,F,F
CAG,Gln,Q,Glutamine,T,T
GGA,Gly,G,Glycine,F,F
GGC,Gly,G,Glycine,F,T
GGG,Gly,G,Glycine,F,F
AGA,Arg,R,Arginine,T,T
GTA,Val,V,Valine,F,F
GTC,Val,V,Valine,F,F
AGC,Ser,S,Serine,T,T
GTT,Val,V,Valine,F,F
TAA,Stp,O,Stop,F,F
ACC,Thr,T,Threonine,T,T
TAG,Stp,O,Stop,F,F
TAT,Tyr,Y,Tyrosine,F,F
TCA,Ser,S,Serine,F,F
TCC,Ser,S,Serine,F,F
TCG,Ser,S,Serine,F,F
TCT,Ser,S,Serine,F,F
TGA,Stp,O,Stop,F,F
GTG,Val,V,Valine,T,T
TGG,Trp,W,Tryptophan,T,T
TGT,Cys,C,Cysteine,F,F
TTA,Leu,L,Leucine,F,F
TAC,Tyr,Y,Tyrosine,T,T
TTG,Leu,L,Leucine,F,F
TTT,Phe,F,Phenylalanine,F,F