type,alt_start_pos,alt_end_pos,ref,ref_codon,alt,alt_codon,frame_pos,ct,depth,protein_start,protein_end,ref_aa,alt_aa,amino_acids,consequence_terms,Density_D6
snp,720,721,G,ACG,A,ACA,2,1,9691,240,240,T,T,T/T,synonymous_variant,6240
mnv,727,730,ACC,ACC,GAG,GAG,0,1,9790,243,243,T,E,T/E,missense_variant,6240
snp,730,731,A,ATG,G,GTG,0,21,9814,244,244,M,V,M/V,missense_variant,6240
snp,732,733,G,ATG,C,ATC,2,1,9814,244,244,M,I,M/I,missense_variant,6240
mnv,731,733,TG,ATG,CC,ACC,1,5,9814,244,244,M,T,M/T,missense_variant,6240
mnv,734,736,AG,AAG,GA,AGA,1,2,9817,245,245,K,R,K/R,missense_variant,6240
snp,738,739,C,CAC,G,CAG,2,2,9825,246,246,H,Q,H/Q,missense_variant,6240
mnv,737,739,AC,CAC,TG,CTG,1,1,9825,246,246,H,L,H/L,missense_variant,6240
snp,741,742,G,AAG,A,AAA,2,2,9830,247,247,K,K,K/K,synonymous_variant,6240
mnv,739,741,AA,AAG,TG,TGG,0,24,9830,247,247,K,W,K/W,missense_variant,6240
mnv,739,742,AAG,AAG,TTC,TTC,0,9,9830,247,247,K,F,K/F,missense_variant,6240
mnv,740,742,AG,AAG,GA,AGA,1,4,9830,247,247,K,R,K/R,missense_variant,6240
snp,742,743,C,CTG,A,ATG,0,1,9836,248,248,L,M,L/M,missense_variant,6240
snp,742,743,C,CTG,G,GTG,0,39,9836,248,248,L,V,L/V,missense_variant,6240
mnv,742,745,CTG,CTG,ACC,ACC,0,1,9836,248,248,L,T,L/T,missense_variant,6240
mnv,742,745,CTG,CTG,AGA,AGA,0,80,9836,248,248,L,R,L/R,missense_variant,6240
mnv,742,745,CTG,CTG,AGC,AGC,0,12,9836,248,248,L,S,L/S,missense_variant,6240
mnv,742,745,CTG,CTG,ATC,ATC,0,9,9836,248,248,L,I,L/I,missense_variant,6240
mnv,742,745,CTG,CTG,TGC,TGC,0,44,9836,248,248,L,C,L/C,missense_variant,6240
snp,748,749,G,GGG,T,TGG,0,3,9860,250,250,G,W,G/W,missense_variant,6240
snp,749,750,G,GGG,A,GAG,1,111,9860,250,250,G,E,G/E,missense_variant,6240
snp,749,750,G,GGG,T,GTG,1,39,9860,250,250,G,V,G/V,missense_variant,6240
mnv,748,750,GG,GGG,CA,CAG,0,12,9860,250,250,G,Q,G/Q,missense_variant,6240
mnv,748,751,GGG,GGG,ACC,ACC,0,2,9860,250,250,G,T,G/T,missense_variant,6240
mnv,748,751,GGG,GGG,AGC,AGC,0,26,9860,250,250,G,S,G/S,missense_variant,6240
mnv,748,751,GGG,GGG,TGC,TGC,0,50,9860,250,250,G,C,G/C,missense_variant,6240
mnv,749,751,GG,GGG,CT,GCT,1,61,9860,250,250,G,A,G/A,missense_variant,6240
snp,756,757,G,CAG,C,CAC,2,15,9897,252,252,Q,H,Q/H,missense_variant,6240
mnv,754,756,CA,CAG,AT,ATG,0,7,9897,252,252,Q,M,Q/M,missense_variant,6240
mnv,754,757,CAG,CAG,AAC,AAC,0,27,9897,252,252,Q,N,Q/N,missense_variant,6240
mnv,754,757,CAG,CAG,GGT,GGT,0,1,9897,252,252,Q,G,Q/G,missense_variant,6240
snp,757,758,T,TAC,A,AAC,0,6,9899,253,253,Y,N,Y/N,missense_variant,6240
snp,757,758,T,TAC,C,CAC,0,98,9899,253,253,Y,H,Y/H,missense_variant,6240
snp,758,759,A,TAC,T,TTC,1,83,9899,253,253,Y,F,Y/F,missense_variant,6240
mnv,757,759,TA,TAC,AG,AGC,0,2,9899,253,253,Y,S,Y/S,missense_variant,6240
mnv,757,760,TAC,TAC,ATG,ATG,0,26,9899,253,253,Y,M,Y/M,missense_variant,6240
mnv,757,760,TAC,TAC,CAG,CAG,0,81,9899,253,253,Y,Q,Y/Q,missense_variant,6240
mnv,757,760,TAC,TAC,GCT,GCT,0,2,9899,253,253,Y,A,Y/A,missense_variant,6240
mnv,757,760,TAC,TAC,GGT,GGT,0,5,9899,253,253,Y,G,Y/G,missense_variant,6240
snp,763,764,G,GAG,A,AAG,0,131,9932,255,255,E,K,E/K,missense_variant,6240
snp,763,764,G,GAG,C,CAG,0,6,9932,255,255,E,Q,E/Q,missense_variant,6240
snp,764,765,A,GAG,T,GTG,1,164,9932,255,255,E,V,E/V,missense_variant,6240
snp,765,766,G,GAG,A,GAA,2,1,9932,255,255,E,E,E/E,synonymous_variant,6240
snp,765,766,G,GAG,T,GAT,2,15,9932,255,255,E,D,E/D,missense_variant,6240
mnv,763,765,GA,GAG,AT,ATG,0,54,9932,255,255,E,M,E/M,missense_variant,6240
mnv,763,765,GA,GAG,CT,CTG,0,499,9932,255,255,E,L,E/L,missense_variant,6240
mnv,763,765,GA,GAG,TG,TGG,0,344,9932,255,255,E,W,E/W,missense_variant,6240
mnv,763,766,GAG,GAG,AAC,AAC,0,77,9932,255,255,E,N,E/N,missense_variant,6240
mnv,763,766,GAG,GAG,ACC,ACC,0,488,9932,255,255,E,T,E/T,missense_variant,6240
mnv,763,766,GAG,GAG,AGA,AGA,0,10,9932,255,255,E,R,E/R,missense_variant,6240
mnv,763,766,GAG,GAG,AGC,AGC,0,37,9932,255,255,E,S,E/S,missense_variant,6240
mnv,763,766,GAG,GAG,ATC,ATC,0,108,9932,255,255,E,I,E/I,missense_variant,6240
mnv,763,766,GAG,GAG,CAC,CAC,0,14,9932,255,255,E,H,E/H,missense_variant,6240
mnv,763,766,GAG,GAG,TAC,TAC,0,548,9932,255,255,E,Y,E/Y,missense_variant,6240
mnv,763,766,GAG,GAG,TGC,TGC,0,19,9932,255,255,E,C,E/C,missense_variant,6240
mnv,763,766,GAG,GAG,TTC,TTC,0,38,9932,255,255,E,F,E/F,missense_variant,6240
mnv,764,766,AG,GAG,CT,GCT,1,1,9932,255,255,E,A,E/A,missense_variant,6240
snp,770,771,A,TAC,T,TTC,1,1,9955,257,257,Y,F,Y/F,missense_variant,6240
mnv,769,772,TAC,TAC,AGA,AGA,0,43,9955,257,257,Y,R,Y/R,missense_variant,6240
mnv,769,772,TAC,TAC,GGT,GGT,0,1,9955,257,257,Y,G,Y/G,missense_variant,6240
snp,772,773,G,GAG,A,AAG,0,2,9965,258,258,E,K,E/K,missense_variant,6240
snp,772,773,G,GAG,C,CAG,0,6,9965,258,258,E,Q,E/Q,missense_variant,6240
mnv,772,774,GA,GAG,AT,ATG,0,135,9965,258,258,E,M,E/M,missense_variant,6240
mnv,772,774,GA,GAG,TT,TTG,0,3,9965,258,258,E,L,E/L,missense_variant,6240
mnv,772,775,GAG,GAG,TGC,TGC,0,28,9965,258,258,E,C,E/C,missense_variant,6240
mnv,772,775,GAG,GAG,TTC,TTC,0,8,9965,258,258,E,F,E/F,missense_variant,6240
mnv,773,775,AG,GAG,CT,GCT,1,47,9965,258,258,E,A,E/A,missense_variant,6240
mnv,778,780,GT,GTG,CA,CAG,0,3,9977,260,260,V,Q,V/Q,missense_variant,6240
mnv,778,780,GT,GTG,TG,TGG,0,1,9977,260,260,V,W,V/W,missense_variant,6240
mnv,778,781,GTG,GTG,AAC,AAC,0,1,9977,260,260,V,N,V/N,missense_variant,6240
mnv,778,781,GTG,GTG,ATC,ATC,0,1,9977,260,260,V,I,V/I,missense_variant,6240
snp,783,784,G,TGG,C,TGC,2,2,9998,261,261,W,C,W/C,missense_variant,6240
mnv,781,783,TG,TGG,AT,ATG,0,1,9998,261,261,W,M,W/M,missense_variant,6240
mnv,781,784,TGG,TGG,ATC,ATC,0,2,9998,261,261,W,I,W/I,missense_variant,6240
mnv,781,784,TGG,TGG,CAC,CAC,0,2,9998,261,261,W,H,W/H,missense_variant,6240
snp,786,787,G,AAG,C,AAC,2,20,10018,262,262,K,N,K/N,missense_variant,6240
mnv,787,790,AAA,AAA,CCT,CCT,0,1,10031,263,263,K,P,K/P,missense_variant,6240
mnv,788,790,AA,AAA,CC,ACC,1,5,10031,263,263,K,T,K/T,missense_variant,6240
mnv,788,790,AA,AAA,TG,ATG,1,32,10031,263,263,K,M,K/M,missense_variant,6240
snp,790,791,T,TAC,C,CAC,0,2,10037,264,264,Y,H,Y/H,missense_variant,6240
mnv,793,795,AG,AGC,TT,TTC,0,3,10056,265,265,S,F,S/F,missense_variant,6240
mnv,793,796,AGC,AGC,GGT,GGT,0,1,10056,265,265,S,G,S/G,missense_variant,6240
snp,798,799,G,CTG,A,CTA,2,16,10076,266,266,L,L,L/L,synonymous_variant,6240
mnv,799,802,ACG,ACG,CCT,CCT,0,1,10077,267,267,T,P,T/P,missense_variant,6240
mnv,799,802,ACG,ACG,TGC,TGC,0,19,10077,267,267,T,C,T/C,missense_variant,6240
mnv,800,802,CG,ACG,GC,AGC,1,2,10077,267,267,T,S,T/S,missense_variant,6240
mnv,805,808,GCC,GCC,CCT,CCT,0,2,10064,269,269,A,P,A/P,missense_variant,6240
mnv,806,808,CC,GCC,AT,GAT,1,2,10064,269,269,A,D,A/D,missense_variant,6240
snp,808,809,G,GTG,C,CTG,0,3,10055,270,270,V,L,V/L,missense_variant,6240
snp,810,811,G,GTG,A,GTA,2,3,10055,270,270,V,V,V/V,synonymous_variant,6240
mnv,808,811,GTG,GTG,TGC,TGC,0,6,10055,270,270,V,C,V/C,missense_variant,6240
mnv,811,814,AAG,AAG,GGT,GGT,0,7,10059,271,271,K,G,K/G,missense_variant,6240
snp,815,816,C,ACC,G,AGC,1,4,10063,272,272,T,S,T/S,missense_variant,6240
mnv,815,817,CC,ACC,TG,ATG,1,1,10063,272,272,T,M,T/M,missense_variant,6240
snp,817,818,T,TTG,A,ATG,0,6,10058,273,273,L,M,L/M,missense_variant,6240
mnv,817,819,TT,TTG,AA,AAG,0,3,10058,273,273,L,K,L/K,missense_variant,6240
mnv,817,820,TTG,TTG,AAC,AAC,0,18,10058,273,273,L,N,L/N,missense_variant,6240
mnv,817,820,TTG,TTG,AGA,AGA,0,400,10058,273,273,L,R,L/R,missense_variant,6240
mnv,817,820,TTG,TTG,CCT,CCT,0,77,10058,273,273,L,P,L/P,missense_variant,6240
snp,823,824,G,GAG,A,AAG,0,19,10090,275,275,E,K,E/K,missense_variant,6240
snp,823,824,G,GAG,C,CAG,0,63,10090,275,275,E,Q,E/Q,missense_variant,6240
snp,825,826,G,GAG,A,GAA,2,77,10090,275,275,E,E,E/E,synonymous_variant,6240
mnv,823,826,GAG,GAG,AGA,AGA,0,26,10090,275,275,E,R,E/R,missense_variant,6240
mnv,823,826,GAG,GAG,CCT,CCT,0,2,10090,275,275,E,P,E/P,missense_variant,6240
mnv,824,826,AG,GAG,CT,GCT,1,26,10090,275,275,E,A,E/A,missense_variant,6240
snp,826,827,G,GAC,A,AAC,0,8,10058,276,276,D,N,D/N,missense_variant,6240
snp,826,827,G,GAC,C,CAC,0,52,10058,276,276,D,H,D/H,missense_variant,6240
mnv,826,828,GA,GAC,AG,AGC,0,2,10058,276,276,D,S,D/S,missense_variant,6240
mnv,826,829,GAC,GAC,AAG,AAG,0,2,10058,276,276,D,K,D/K,missense_variant,6240
mnv,826,829,GAC,GAC,AGA,AGA,0,2,10058,276,276,D,R,D/R,missense_variant,6240
mnv,826,829,GAC,GAC,CAG,CAG,0,2,10058,276,276,D,Q,D/Q,missense_variant,6240
mnv,826,829,GAC,GAC,TGG,TGG,0,2,10058,276,276,D,W,D/W,missense_variant,6240
mnv,827,829,AC,GAC,GT,GGT,1,15,10058,276,276,D,G,D/G,missense_variant,6240
snp,830,831,C,ACC,A,AAC,1,2,10052,277,277,T,N,T/N,missense_variant,6240
mnv,829,831,AC,ACC,TA,TAC,0,1,10052,277,277,T,Y,T/Y,missense_variant,6240
mnv,829,831,AC,ACC,TG,TGC,0,2,10052,277,277,T,C,T/C,missense_variant,6240
mnv,829,832,ACC,ACC,CAG,CAG,0,5,10052,277,277,T,Q,T/Q,missense_variant,6240
mnv,830,832,CC,ACC,AG,AAG,1,6,10052,277,277,T,K,T/K,missense_variant,6240
mnv,830,832,CC,ACC,GA,AGA,1,8,10052,277,277,T,R,T/R,missense_variant,6240
mnv,832,835,ATG,ATG,TGC,TGC,0,1,10043,278,278,M,C,M/C,missense_variant,6240
snp,835,836,G,GAG,A,AAG,0,41,19281,279,279,E,K,E/K,missense_variant,6240
snp,835,836,G,GAG,C,CAG,0,1,19281,279,279,E,Q,E/Q,missense_variant,6240
mnv,835,837,GA,GAG,TG,TGG,0,1,19281,279,279,E,W,E/W,missense_variant,6240
mnv,835,838,GAG,GAG,ACC,ACC,0,42,19281,279,279,E,T,E/T,missense_variant,6240
mnv,835,838,GAG,GAG,AGA,AGA,0,7,19281,279,279,E,R,E/R,missense_variant,6240
mnv,835,838,GAG,GAG,AGC,AGC,0,5,19281,279,279,E,S,E/S,missense_variant,6240
mnv,835,838,GAG,GAG,CAC,CAC,0,5,19281,279,279,E,H,E/H,missense_variant,6240
mnv,835,838,GAG,GAG,CCT,CCT,0,9,19281,279,279,E,P,E/P,missense_variant,6240
mnv,835,838,GAG,GAG,TAC,TAC,0,12,19281,279,279,E,Y,E/Y,missense_variant,6240
mnv,836,838,AG,GAG,CT,GCT,1,1,19281,279,279,E,A,E/A,missense_variant,6240
mnv,836,838,AG,GAG,GT,GGT,1,1,19281,279,279,E,G,E/G,missense_variant,6240
snp,839,840,T,GTG,A,GAG,1,1,19566,280,280,V,E,V/E,missense_variant,6240
snp,840,841,G,GTG,A,GTA,2,69,19566,280,280,V,V,V/V,synonymous_variant,6240
mnv,838,840,GT,GTG,TG,TGG,0,15,19566,280,280,V,W,V/W,missense_variant,6240
mnv,838,841,GTG,GTG,AAC,AAC,0,2,19566,280,280,V,N,V/N,missense_variant,6240
mnv,838,841,GTG,GTG,ATC,ATC,0,2,19566,280,280,V,I,V/I,missense_variant,6240
mnv,838,841,GTG,GTG,CCT,CCT,0,3,19566,280,280,V,P,V/P,missense_variant,6240
mnv,838,841,GTG,GTG,TTC,TTC,0,15,19566,280,280,V,F,V/F,missense_variant,6240
mnv,839,841,TG,GTG,AT,GAT,1,2,19566,280,280,V,D,V/D,missense_variant,6240
mnv,839,841,TG,GTG,CT,GCT,1,16,19566,280,280,V,A,V/A,missense_variant,6240
mnv,839,841,TG,GTG,GT,GGT,1,21,19566,280,280,V,G,V/G,missense_variant,6240
snp,841,842,G,GAA,A,AAA,0,70,19584,281,281,E,K,E/K,missense_variant,6240
mnv,841,843,GA,GAA,AG,AGA,0,10,19584,281,281,E,R,E/R,missense_variant,6240
mnv,841,844,GAA,GAA,AAC,AAC,0,12,19584,281,281,E,N,E/N,missense_variant,6240
mnv,841,844,GAA,GAA,AAG,AAG,0,14,19584,281,281,E,K,E/K,missense_variant,6240
mnv,841,844,GAA,GAA,AGC,AGC,0,2,19584,281,281,E,S,E/S,missense_variant,6240
mnv,841,844,GAA,GAA,ATG,ATG,0,1,19584,281,281,E,M,E/M,missense_variant,6240
mnv,841,844,GAA,GAA,CAC,CAC,0,6,19584,281,281,E,H,E/H,missense_variant,6240
mnv,842,844,AA,GAA,GT,GGT,1,5,19584,281,281,E,G,E/G,missense_variant,6240
snp,846,847,G,GAG,T,GAT,2,45,19565,282,282,E,D,E/D,missense_variant,6240
mnv,844,846,GA,GAG,TG,TGG,0,26,19565,282,282,E,W,E/W,missense_variant,6240
mnv,844,847,GAG,GAG,TAC,TAC,0,19,19565,282,282,E,Y,E/Y,missense_variant,6240
mnv,847,849,TT,TTC,AG,AGC,0,12,19484,283,283,F,S,F/S,missense_variant,6240
mnv,847,850,TTC,TTC,GTG,GTG,0,1,19484,283,283,F,V,F/V,missense_variant,6240
snp,852,853,G,TTG,A,TTA,2,5,10273,284,284,L,L,L/L,synonymous_variant,6240
snp,852,853,G,TTG,T,TTT,2,3,10273,284,284,L,F,L/F,missense_variant,6240
mnv,850,852,TT,TTG,AA,AAG,0,2,10273,284,284,L,K,L/K,missense_variant,6240
snp,854,855,A,AAA,G,AGA,1,4,10229,285,285,K,R,K/R,missense_variant,6240
snp,855,856,A,AAA,C,AAC,2,1,10229,285,285,K,N,K/N,missense_variant,6240
mnv,853,856,AAA,AAA,CAC,CAC,0,43,10229,285,285,K,H,K/H,missense_variant,6240
mnv,853,856,AAA,AAA,TAC,TAC,0,22,10229,285,285,K,Y,K/Y,missense_variant,6240
mnv,854,856,AA,AAA,TG,ATG,1,1,10229,285,285,K,M,K/M,missense_variant,6240
snp,860,861,C,GCT,G,GGT,1,18,10120,287,287,A,G,A/G,missense_variant,6240
mnv,862,865,GCA,GCA,CAG,CAG,0,3,10099,288,288,A,Q,A/Q,missense_variant,6240
snp,865,866,G,GTC,T,TTC,0,23,10079,289,289,V,F,V/F,missense_variant,6240
mnv,865,867,GT,GTC,AA,AAC,0,5,10079,289,289,V,N,V/N,missense_variant,6240
mnv,865,867,GT,GTC,TA,TAC,0,4,10079,289,289,V,Y,V/Y,missense_variant,6240
mnv,865,868,GTC,GTC,AGA,AGA,0,91,10079,289,289,V,R,V/R,missense_variant,6240
mnv,868,871,ATG,ATG,CAC,CAC,0,36,9977,290,290,M,H,M/H,missense_variant,6240
snp,874,875,G,GAG,A,AAG,0,1,9962,292,292,E,K,E/K,missense_variant,6240
snp,874,875,G,GAG,C,CAG,0,2,9962,292,292,E,Q,E/Q,missense_variant,6240
snp,875,876,A,GAG,T,GTG,1,33,9962,292,292,E,V,E/V,missense_variant,6240
mnv,874,876,GA,GAG,AT,ATG,0,1,9962,292,292,E,M,E/M,missense_variant,6240
mnv,874,876,GA,GAG,CT,CTG,0,23,9962,292,292,E,L,E/L,missense_variant,6240
mnv,874,876,GA,GAG,TG,TGG,0,24,9962,292,292,E,W,E/W,missense_variant,6240
mnv,874,877,GAG,GAG,AAC,AAC,0,22,9962,292,292,E,N,E/N,missense_variant,6240
mnv,874,877,GAG,GAG,AGC,AGC,0,53,9962,292,292,E,S,E/S,missense_variant,6240
mnv,874,877,GAG,GAG,ATC,ATC,0,9,9962,292,292,E,I,E/I,missense_variant,6240
mnv,874,877,GAG,GAG,CAC,CAC,0,12,9962,292,292,E,H,E/H,missense_variant,6240
mnv,874,877,GAG,GAG,TAC,TAC,0,7,9962,292,292,E,Y,E/Y,missense_variant,6240
mnv,874,877,GAG,GAG,TGC,TGC,0,13,9962,292,292,E,C,E/C,missense_variant,6240
mnv,874,877,GAG,GAG,TTC,TTC,0,13,9962,292,292,E,F,E/F,missense_variant,6240
mnv,875,877,AG,GAG,CT,GCT,1,8,9962,292,292,E,A,E/A,missense_variant,6240
mnv,877,880,ATC,ATC,CAG,CAG,0,13,9952,293,293,I,Q,I/Q,missense_variant,6240
mnv,877,880,ATC,ATC,GTG,GTG,0,49,9952,293,293,I,V,I/V,missense_variant,6240
snp,882,883,A,AAA,C,AAC,2,65,9940,294,294,K,N,K/N,missense_variant,6240
mnv,880,883,AAA,AAA,GAG,GAG,0,1,9940,294,294,K,E,K/E,missense_variant,6240
mnv,880,883,AAA,AAA,GAT,GAT,0,3,9940,294,294,K,D,K/D,missense_variant,6240
mnv,880,883,AAA,AAA,GCT,GCT,0,2,9940,294,294,K,A,K/A,missense_variant,6240
mnv,886,888,CC,CCT,GA,GAT,0,1,9922,296,296,P,D,P/D,missense_variant,6240
mnv,886,889,CCT,CCT,AGC,AGC,0,1,9922,296,296,P,S,P/S,missense_variant,6240
mnv,886,889,CCT,CCT,TGG,TGG,0,73,9922,296,296,P,W,P/W,missense_variant,6240
mnv,887,889,CT,CCT,AG,CAG,1,1,9922,296,296,P,Q,P/Q,missense_variant,6240
snp,889,890,A,AAC,T,TAC,0,3,9909,297,297,N,Y,N/Y,missense_variant,6240
snp,891,892,C,AAC,G,AAG,2,2,9909,297,297,N,K,N/K,missense_variant,6240
mnv,890,892,AC,AAC,GA,AGA,1,12,9909,297,297,N,R,N/R,missense_variant,6240
snp,892,893,C,CTG,G,GTG,0,1,10004,298,298,L,V,L/V,missense_variant,6240
snp,894,895,G,CTG,A,CTA,2,17,10004,298,298,L,L,L/L,synonymous_variant,6240
mnv,892,895,CTG,CTG,ACC,ACC,0,78,10004,298,298,L,T,L/T,missense_variant,6240
mnv,892,895,CTG,CTG,GCT,GCT,0,37,10004,298,298,L,A,L/A,missense_variant,6240
mnv,892,895,CTG,CTG,TGC,TGC,0,63,10004,298,298,L,C,L/C,missense_variant,6240
mnv,896,898,TG,GTG,CT,GCT,1,1,9897,299,299,V,A,V/A,missense_variant,6240
snp,899,900,A,CAG,T,CTG,1,1,9887,300,300,Q,L,Q/L,missense_variant,6240
mnv,898,900,CA,CAG,GT,GTG,0,1,9887,300,300,Q,V,Q/V,missense_variant,6240
mnv,898,901,CAG,CAG,ATC,ATC,0,7,9887,300,300,Q,I,Q/I,missense_variant,6240
mnv,898,901,CAG,CAG,GCT,GCT,0,1,9887,300,300,Q,A,Q/A,missense_variant,6240
mnv,910,912,GT,GTC,AC,ACC,0,1,9858,304,304,V,T,V/T,missense_variant,6240
mnv,910,913,GTC,GTC,AAG,AAG,0,1,9858,304,304,V,K,V/K,missense_variant,6240
mnv,910,913,GTC,GTC,CAG,CAG,0,1,9858,304,304,V,Q,V/Q,missense_variant,6240
mnv,910,913,GTC,GTC,CTG,CTG,0,1,9858,304,304,V,L,V/L,missense_variant,6240
mnv,916,918,AC,ACC,TT,TTC,0,11,9948,306,306,T,F,T/F,missense_variant,6240
snp,925,926,C,CCC,T,TCC,0,1,9892,309,309,P,S,P/S,missense_variant,6240
snp,931,932,T,TTC,A,ATC,0,205,9861,311,311,F,I,F/I,missense_variant,6240
snp,932,933,T,TTC,A,TAC,1,2,9861,311,311,F,Y,F/Y,missense_variant,6240
mnv,931,933,TT,TTC,CA,CAC,0,27,9861,311,311,F,H,F/H,missense_variant,6240
mnv,931,934,TTC,TTC,CAG,CAG,0,4,9861,311,311,F,Q,F/Q,missense_variant,6240
mnv,931,934,TTC,TTC,CTG,CTG,0,24,9861,311,311,F,L,F/L,missense_variant,6240
mnv,931,934,TTC,TTC,GTG,GTG,0,115,9861,311,311,F,V,F/V,missense_variant,6240
snp,939,940,C,ATC,A,ATA,2,33,9842,313,313,I,I,I/I,synonymous_variant,6240
mnv,940,943,ATC,ATC,TGG,TGG,0,4,9839,314,314,I,W,I/W,missense_variant,6240
mnv,943,946,ACT,ACT,CAG,CAG,0,3,9817,315,315,T,Q,T/Q,missense_variant,6240
mnv,943,946,ACT,ACT,CTG,CTG,0,171,9817,315,315,T,L,T/L,missense_variant,6240
mnv,943,946,ACT,ACT,GAG,GAG,0,71,9817,315,315,T,E,T/E,missense_variant,6240
mnv,943,946,ACT,ACT,GTG,GTG,0,172,9817,315,315,T,V,T/V,missense_variant,6240
mnv,943,946,ACT,ACT,TGC,TGC,0,15,9817,315,315,T,C,T/C,missense_variant,6240
mnv,943,946,ACT,ACT,TTC,TTC,0,6,9817,315,315,T,F,T/F,missense_variant,6240
mnv,943,946,ACT,ACT,TTG,TTG,0,27,9817,315,315,T,L,T/L,missense_variant,6240
mnv,944,946,CT,ACT,TC,ATC,1,39,9817,315,315,T,I,T/I,missense_variant,6240
mnv,944,946,CT,ACT,TG,ATG,1,28,9817,315,315,T,M,T/M,missense_variant,6240
snp,949,950,T,TTC,A,ATC,0,9,9791,317,317,F,I,F/I,missense_variant,6240
snp,950,951,T,TTC,G,TGC,1,11,9791,317,317,F,C,F/C,missense_variant,6240
snp,951,952,C,TTC,T,TTT,2,1,9791,317,317,F,F,F/F,synonymous_variant,6240
mnv,949,952,TTC,TTC,AAG,AAG,0,1,9791,317,317,F,K,F/K,missense_variant,6240
mnv,949,952,TTC,TTC,AGA,AGA,0,24,9791,317,317,F,R,F/R,missense_variant,6240
mnv,949,952,TTC,TTC,CTG,CTG,0,12,9791,317,317,F,L,F/L,missense_variant,6240
snp,956,957,C,ACC,A,AAC,1,1,9764,319,319,T,N,T/N,missense_variant,6240
mnv,955,957,AC,ACC,TG,TGC,0,4,9764,319,319,T,C,T/C,missense_variant,6240
mnv,955,958,ACC,ACC,CCT,CCT,0,1,9764,319,319,T,P,T/P,missense_variant,6240
snp,959,960,A,TAC,G,TGC,1,1,9702,320,320,Y,C,Y/C,missense_variant,6240
snp,959,960,A,TAC,T,TTC,1,1,9702,320,320,Y,F,Y/F,missense_variant,6240
snp,963,964,G,GGG,A,GGA,2,9,9673,321,321,G,G,G/G,synonymous_variant,6240